id,incident_cost
0,559794.2970103726
1,397044.8739075394
